{
  "mean": 0.855322265625,
  "std": 0.09228795930349509,
  "scores": [
    0.8740234375,
    0.9130859375,
    0.93115234375,
    0.8427734375,
    0.91259765625,
    0.8447265625,
    0.95556640625,
    0.888671875,
    1.0,
    0.72900390625,
    0.95263671875,
    0.85302734375,
    0.7333984375,
    0.8671875,
    0.8505859375,
    0.8359375,
    0.8740234375,
    0.919921875,
    0.87939453125,
    0.82421875,
    0.76220703125,
    0.818359375,
    0.9169921875,
    0.9130859375,
    0.7705078125,
    0.97802734375,
    0.9228515625,
    1.0009765625,
    0.8837890625,
    0.88330078125,
    0.9560546875,
    1.0009765625,
    0.77685546875,
    0.7265625,
    0.87353515625,
    0.8994140625,
    0.90869140625,
    0.8681640625,
    0.55908203125,
    0.7548828125,
    0.68115234375,
    0.7783203125,
    0.82421875,
    0.81494140625,
    0.73974609375,
    0.92236328125,
    0.9091796875,
    0.775390625,
    0.978515625,
    0.68603515625
  ]
}