{
  "mean": 0.8473974609375,
  "std": 0.11268918670983004,
  "scores": [
    0.86962890625,
    0.8876953125,
    0.9306640625,
    0.85693359375,
    0.935546875,
    0.87939453125,
    0.93603515625,
    0.7333984375,
    1.0,
    0.74072265625,
    0.90087890625,
    0.82470703125,
    0.73876953125,
    0.88525390625,
    0.9130859375,
    0.86767578125,
    0.888671875,
    0.9033203125,
    0.85400390625,
    0.84375,
    0.76220703125,
    0.81982421875,
    0.9140625,
    0.9169921875,
    0.55322265625,
    0.97802734375,
    0.95068359375,
    1.0,
    0.89013671875,
    0.88720703125,
    0.94140625,
    1.0,
    0.7451171875,
    0.794921875,
    0.87255859375,
    0.86376953125,
    0.908203125,
    0.88623046875,
    0.5439453125,
    0.841796875,
    0.7529296875,
    0.7373046875,
    0.58203125,
    0.8095703125,
    0.73193359375,
    0.92236328125,
    0.77734375,
    0.74658203125,
    0.8291015625,
    0.6982421875,
    0.88037109375,
    0.8720703125,
    0.8955078125,
    0.890625,
    0.83349609375,
    0.9423828125,
    0.92041015625,
    0.875,
    0.90478515625,
    0.76171875,
    0.5849609375,
    0.57763671875,
    0.888671875,
    0.7744140625,
    0.4609375,
    0.50537109375,
    0.8505859375,
    0.87109375,
    0.50439453125,
    0.8779296875,
    0.966796875,
    0.96923828125,
    0.8818359375,
    0.83935546875,
    0.86767578125,
    0.90576171875,
    0.92138671875,
    0.89599609375,
    0.95068359375,
    0.90478515625,
    0.876953125,
    0.990234375,
    0.90185546875,
    0.83935546875,
    0.9736328125,
    0.85400390625,
    0.9033203125,
    0.89208984375,
    0.98193359375,
    0.873046875,
    0.8330078125,
    0.9111328125,
    0.88525390625,
    0.85498046875,
    0.8349609375,
    0.908203125,
    0.97265625,
    0.83447265625,
    0.86376953125,
    0.93115234375
  ]
}