{
  "mean": 0.904140625,
  "std": 0.08947143047553165,
  "scores": [
    0.93017578125,
    0.92919921875,
    0.97216796875,
    0.93017578125,
    0.9111328125,
    0.97607421875,
    0.95068359375,
    0.875,
    0.93701171875,
    0.75341796875,
    0.94482421875,
    0.9697265625,
    0.9404296875,
    0.90771484375,
    0.9697265625,
    0.9267578125,
    0.9599609375,
    0.94921875,
    0.9716796875,
    0.9775390625,
    0.9423828125,
    0.9443359375,
    0.94189453125,
    0.88427734375,
    0.9189453125,
    0.96044921875,
    0.92578125,
    0.79638671875,
    0.92138671875,
    0.9765625,
    0.94970703125,
    0.98876953125,
    0.96533203125,
    0.96728515625,
    0.96533203125,
    0.88818359375,
    0.92333984375,
    0.93505859375,
    0.9189453125,
    0.96826171875,
    0.646484375,
    0.767578125,
    0.89990234375,
    1.0,
    0.8076171875,
    0.7626953125,
    0.63134765625,
    0.62451171875,
    0.85400390625,
    0.84765625
  ]
}