{
  "mean": 0.887626953125,
  "std": 0.07580761071499137,
  "scores": [
    0.92822265625,
    0.96728515625,
    0.97021484375,
    0.84130859375,
    0.81005859375,
    0.89208984375,
    0.93017578125,
    0.84033203125,
    0.98583984375,
    0.83251953125,
    0.97509765625,
    0.96044921875,
    0.951171875,
    0.89306640625,
    0.91357421875,
    0.86962890625,
    0.88525390625,
    0.85498046875,
    0.86083984375,
    0.830078125,
    0.7646484375,
    0.81787109375,
    0.94140625,
    0.89306640625,
    0.783203125,
    0.91796875,
    0.94384765625,
    1.0009765625,
    0.89501953125,
    0.8271484375,
    0.95166015625,
    1.0009765625,
    0.830078125,
    0.97607421875,
    0.8232421875,
    0.89208984375,
    0.9384765625,
    0.7978515625,
    0.99072265625,
    0.83740234375,
    0.71923828125,
    0.9736328125,
    0.82421875,
    0.8427734375,
    0.693359375,
    0.841796875,
    0.94189453125,
    0.77294921875,
    0.97509765625,
    0.98046875
  ]
}