{
  "mean": 0.8856640625,
  "std": 0.10097997946648513,
  "scores": [
    0.95361328125,
    0.9091796875,
    0.9765625,
    0.95166015625,
    0.92041015625,
    0.8525390625,
    0.93310546875,
    0.84716796875,
    0.8837890625,
    0.80908203125,
    0.96630859375,
    0.951171875,
    0.912109375,
    0.966796875,
    0.958984375,
    0.9306640625,
    0.958984375,
    0.93310546875,
    0.95849609375,
    0.927734375,
    0.947265625,
    0.95703125,
    0.96240234375,
    0.8583984375,
    0.94091796875,
    0.94189453125,
    0.9013671875,
    0.77197265625,
    0.92041015625,
    0.9638671875,
    0.94482421875,
    0.98193359375,
    0.861328125,
    0.876953125,
    0.94482421875,
    0.8955078125,
    0.90576171875,
    0.8544921875,
    0.84814453125,
    0.86767578125,
    0.73828125,
    0.72802734375,
    0.779296875,
    1.0,
    0.85107421875,
    0.91650390625,
    0.63623046875,
    0.4697265625,
    0.89306640625,
    0.62255859375
  ]
}