{
  "mean": 0.871171875,
  "std": 0.09146561532079005,
  "scores": [
    0.90478515625,
    0.8115234375,
    0.9697265625,
    0.93212890625,
    0.91015625,
    0.8974609375,
    0.849609375,
    0.8701171875,
    0.8837890625,
    0.75830078125,
    0.939453125,
    0.9462890625,
    0.841796875,
    0.95263671875,
    0.9599609375,
    0.8642578125,
    0.87890625,
    0.91162109375,
    0.96044921875,
    0.92138671875,
    0.94091796875,
    0.9423828125,
    0.943359375,
    0.88720703125,
    0.91357421875,
    0.96826171875,
    0.93408203125,
    0.8134765625,
    0.90185546875,
    0.9716796875,
    0.943359375,
    0.98876953125,
    0.90380859375,
    0.853515625,
    0.921875,
    0.9169921875,
    0.83740234375,
    0.90234375,
    0.85693359375,
    0.89990234375,
    0.74755859375,
    0.73193359375,
    0.7724609375,
    0.671875,
    0.779296875,
    0.90625,
    0.71435546875,
    0.841796875,
    0.5888671875,
    0.59814453125
  ]
}