{
  "similarities": [
    0.939831854259142,
    0.9670647310448552,
    0.9168301093980217,
    0.9293909739920083,
    0.951027490709866,
    0.922392010426227,
    0.9124769153242305,
    0.939471749605977,
    0.9430574959868319,
    0.9228771274544014
  ],
  "mean_similarity": 0.9344420458201561,
  "std_similarity": 0.01601562296281639
}