{
  "similarities": [
    0.92724609375,
    0.8515625,
    0.84814453125,
    0.91796875,
    0.7578125
  ],
  "mean_similarity": 0.860546875,
  "std_similarity": 0.060885049793279127
}