{
  "similarities": [
    0.9294082501804656,
    0.936784632403351,
    0.8545828448157261,
    0.8914037565721123,
    0.9266421719281814,
    0.922392010426227,
    0.9124769153242305,
    0.939471749605977,
    0.9430574959868319,
    0.9228771274544014
  ],
  "mean_similarity": 0.9179096954697503,
  "std_similarity": 0.02539528822006833
}