{
  "similarities": [
    0.90380859375,
    0.89599609375,
    0.8271484375,
    0.92138671875,
    0.7998046875
  ],
  "mean_similarity": 0.86962890625,
  "std_similarity": 0.047375864146863955
}