{
  "similarities": [
    0.911039251768134,
    0.9174377270575547,
    0.831025116474268,
    0.885029061305524,
    0.8881492334616407,
    0.8785915070647465,
    0.885924999426106,
    0.896087927865841,
    0.8984097789304527,
    0.8766738894993402
  ],
  "mean_similarity": 0.8868368492853609,
  "std_similarity": 0.022435971164483842
}