{
  "similarities": [
    0.91636354782564,
    0.8322130761994067,
    0.8215743322887843,
    0.8838368117495758,
    0.926689759403706,
    0.929120652485464,
    0.9232141014061143,
    0.9648358826255324,
    0.9039926764769848,
    0.754176508385752,
    0.8985700581827349,
    0.9080089480583936,
    0.8421943255546501,
    0.9490188613823253,
    0.9483849560412062,
    0.9350533205174364,
    0.9169206017435294,
    0.9721566141303095,
    0.8988643614728111,
    0.9041429163525367,
    0.9581086423985211,
    0.9165855273719525,
    0.9704763001673625,
    0.8916855768153836,
    0.9081701867633976,
    0.9227286140909458,
    0.9007714203768742,
    0.869283052650832,
    0.9039870318128834,
    0.8770242976767233,
    0.766941502051381,
    0.88292454270113,
    0.9197148246487852,
    0.9561851109550975,
    0.8631090510422204,
    0.851827838940149,
    0.8514264825407298,
    0.899044676843333,
    0.9471534422369553,
    0.9433353663741074,
    0.9447383561470944,
    0.9060297834852814,
    0.9208819741052462,
    0.9609122232785797,
    0.9472436476987272,
    0.9190518577016701,
    0.9374132910376183,
    0.9439891926681347,
    0.9654145574865975,
    0.9149018265706955,
    0.9449017591258336,
    0.9502685848736578,
    0.8885787041897405,
    0.9106715839252554,
    0.8495123171730085,
    0.9289627255791029,
    0.8267218224335339,
    0.8670117301115249,
    0.9155358440205732,
    0.9281554603269129,
    0.8328913780375515,
    0.9636454304139715,
    0.8586722479489883,
    0.9046908859534966,
    0.9110348564194265,
    0.9201634713941212,
    0.951463702953855,
    0.9141307585613452,
    0.81679205652437,
    0.8688074879861617,
    0.9079736823567472,
    0.9511054998552544,
    0.8858547708344396,
    0.8413607786123226,
    0.8815484703739677,
    0.8328114881667938,
    0.864138507065974,
    0.8163394045604603,
    0.9135207615039386,
    0.9327977922775389,
    0.9682186060099294,
    0.8516416726120634,
    0.9429871666225516,
    0.9209614711315727,
    0.9521640246578369,
    0.7554697025667891,
    0.7791885388182149,
    0.9201213963480991,
    0.9132682027128376,
    0.8177988753766451,
    0.9543813163086824,
    0.9271260675055069,
    0.8828791079998359,
    0.8902727502029968,
    0.8703570659104964,
    0.8276394872330558,
    0.9073940288847779,
    0.9402158236574252,
    0.8628673348280114,
    0.822859210578257
  ],
  "mean_similarity": 0.8987826832444676,
  "std_similarity": 0.049458836488900766
}