{
  "similarities": [
    0.8988455403860318,
    0.8852391163577437,
    0.8302742815740525,
    0.8757345636222417,
    0.9331547648252468,
    0.9261544486707142,
    0.9158861850578227,
    0.9649419026220178,
    0.9117932401081525,
    0.8641517507082124,
    0.8628136756683021,
    0.896597201113689,
    0.884536028191281,
    0.8392398129013777,
    0.8611551522362454,
    0.9069802143612754,
    0.8841852582617482,
    0.8569589348244225,
    0.8762816543060843,
    0.907207851900099,
    0.9217223478939035,
    0.7653699420903302,
    0.8859247987480027,
    0.8874831034348492,
    0.831005575215139,
    0.944931885533787,
    0.9129365250976942,
    0.9399792643225336,
    0.8706839547543018,
    0.8074077715049588,
    0.9164439232586064,
    0.8771398991827154,
    0.8704123190353154,
    0.8986632092573229,
    0.8814530112289078,
    0.8710711544825755,
    0.8235470380710792,
    0.8731602506977333,
    0.9020143956477396,
    0.8982291948556289,
    0.8453090187851935,
    0.8495947623583983,
    0.9188030725712738,
    0.8519781271928203,
    0.8404590906761334,
    0.8288505352601373,
    0.8415186167592956,
    0.8065585962050423,
    0.9087866270486211,
    0.8530941646858503,
    0.8922703481052879,
    0.9262258566984618,
    0.8934885079477144,
    0.8773422294879739,
    0.8693109881559202,
    0.8200327829185878,
    0.8516752802098065,
    0.8787604482578256,
    0.808304564127188,
    0.8485513356421318,
    0.9271514906333823,
    0.8973830883298959,
    0.8093968937252537,
    0.8602604550732839,
    0.8528723835207361,
    0.8065660787069443,
    0.8494208487229035,
    0.9577080357874199,
    0.8662507027479405,
    0.8620697919679131,
    0.900950909864431,
    0.919907283116757,
    0.8605663091366136,
    0.8748382329056714,
    0.8627396953460591,
    0.7960997807189709,
    0.8922847623776462,
    0.8160418642432911,
    0.9208481092933306,
    0.8454216863090813,
    0.8904650850548561,
    0.8530175666612498,
    0.8969601746546553,
    0.8653434602639497,
    0.9124216782565198,
    0.8894350867639879,
    0.8886355490766302,
    0.937891622724292,
    0.8733130404151934,
    0.8634586434575621,
    0.927542797449974,
    0.9051772049942811,
    0.852107762309767,
    0.9203390388037189,
    0.8819111463178289,
    0.9319641515828794,
    0.867509784351744,
    0.8303741411579586,
    0.9181928862302403,
    0.846281324380471
  ],
  "mean_similarity": 0.8770374664253883,
  "std_similarity": 0.038323632260434656
}