{
  "similarities": [
    0.898845540386031,
    0.8852391163577431,
    0.8302742815740517,
    0.8757345636222412,
    0.9331547648252464,
    0.9261544486707147,
    0.9158861850578214,
    0.9649419026220174,
    0.9117932401081518,
    0.8641517507082116,
    0.862813675668301,
    0.8965972011136873,
    0.8845360281912807,
    0.8392398129013773,
    0.8611551522362462,
    0.9069802143612745,
    0.8841852582617471,
    0.8569589348244213,
    0.8762816543060837,
    0.9072078519000981,
    0.9217223478939036,
    0.7653699420903303,
    0.8859247987480018,
    0.8874831034348494,
    0.831005575215139,
    0.9449318855337863,
    0.9129365250976937,
    0.9399792643225333,
    0.8706839547543018,
    0.8074077715049587,
    0.9164439232586065,
    0.8771398991827145,
    0.8704123190353146,
    0.8986632092573228,
    0.8814530112289068,
    0.8710711544825741,
    0.8235470380710785,
    0.8731602506977326,
    0.9020143956477386,
    0.8982291948556281,
    0.845309018785193,
    0.849594762358398,
    0.9188030725712729,
    0.8519781271928196,
    0.840459090676133,
    0.8288505352601371,
    0.8415186167592953,
    0.806558596205041,
    0.9087866270486208,
    0.8530941646858493,
    0.8922703481052873,
    0.9262258566984608,
    0.8934885079477133,
    0.8773422294879732,
    0.8693109881559199,
    0.8200327829185875,
    0.8516752802098052,
    0.8787604482578251,
    0.808304564127188,
    0.8485513356421319,
    0.9271514906333823,
    0.897383088329895,
    0.8093968937252534,
    0.8602604550732837,
    0.8528723835207356,
    0.8065660787069434,
    0.8494208487229028,
    0.957708035787419,
    0.8662507027479392,
    0.8620697919679124,
    0.9009509098644298,
    0.9199072831167556,
    0.8605663091366131,
    0.8748382329056705,
    0.8627396953460583,
    0.7960997807189709,
    0.8922847623776456,
    0.8160418642432908,
    0.9208481092933298,
    0.845421686309081,
    0.8904650850548559,
    0.8530175666612493,
    0.8969601746546543,
    0.8653434602639496,
    0.9124216782565189,
    0.8894350867639869,
    0.8886355490766289,
    0.9378916227242917,
    0.873313040415192,
    0.8634586434575615,
    0.9275427974499736,
    0.9051772049942799,
    0.8521077623097664,
    0.9203390388037183,
    0.8819111463178277,
    0.9319641515828783,
    0.8675097843517431,
    0.8303741411579577,
    0.9181928862302393,
    0.8462813243804701
  ],
  "mean_similarity": 0.8770374664253877,
  "std_similarity": 0.03832363226043457
}