{
  "similarities": [
    0.86328125,
    0.904296875,
    0.84765625,
    0.8583984375,
    0.92041015625,
    0.9296875,
    0.921875,
    0.95556640625,
    0.9228515625,
    0.85400390625,
    0.8984375,
    0.89599609375,
    0.802734375,
    0.9609375,
    0.9404296875,
    0.92578125,
    0.93212890625,
    0.97607421875,
    0.88037109375,
    0.9267578125,
    0.939453125,
    0.92724609375,
    0.92724609375,
    0.8701171875,
    0.87939453125,
    0.88037109375,
    0.939453125,
    0.8427734375,
    0.84765625,
    0.85986328125,
    0.82958984375,
    0.9140625,
    0.86474609375,
    0.904296875,
    0.869140625,
    0.873046875,
    0.806640625,
    0.9248046875,
    0.93505859375,
    0.93310546875,
    0.97802734375,
    0.92236328125,
    0.90966796875,
    0.93408203125,
    0.953125,
    0.90869140625,
    0.90283203125,
    0.9052734375,
    0.9208984375,
    0.88916015625,
    0.93994140625,
    0.93212890625,
    0.91943359375,
    0.908203125,
    0.87841796875,
    0.93505859375,
    0.91015625,
    0.85400390625,
    0.8837890625,
    0.95654296875,
    0.908203125,
    0.90283203125,
    0.88671875,
    0.90087890625,
    0.849609375,
    0.91064453125,
    0.95361328125,
    0.8857421875,
    0.853515625,
    0.9140625,
    0.91748046875,
    0.9462890625,
    0.90771484375,
    0.9169921875,
    0.9296875,
    0.91259765625,
    0.89794921875,
    0.87451171875,
    0.87451171875,
    0.9208984375,
    0.96044921875,
    0.828125,
    0.9326171875,
    0.8359375,
    0.9453125,
    0.90283203125,
    0.79638671875,
    0.89404296875,
    0.88525390625,
    0.8203125,
    0.96923828125,
    0.86572265625,
    0.93994140625,
    0.892578125,
    0.84130859375,
    0.88916015625,
    0.92724609375,
    0.93994140625,
    0.87060546875,
    0.86328125
  ],
  "mean_similarity": 0.9009228515625,
  "std_similarity": 0.039390293057899366
}