{
  "similarities": [
    0.86474609375,
    0.91259765625,
    0.86083984375,
    0.8662109375,
    0.94580078125,
    0.93017578125,
    0.9189453125,
    0.96044921875,
    0.90087890625,
    0.89404296875,
    0.9189453125,
    0.927734375,
    0.8544921875,
    0.916015625,
    0.900390625,
    0.86767578125,
    0.896484375,
    0.92724609375,
    0.88623046875,
    0.91162109375,
    0.9326171875,
    0.84423828125,
    0.9169921875,
    0.89306640625,
    0.87353515625,
    0.9169921875,
    0.86474609375,
    0.873046875,
    0.87255859375,
    0.77783203125,
    0.9453125,
    0.89697265625,
    0.87646484375,
    0.86962890625,
    0.8955078125,
    0.92626953125,
    0.83203125,
    0.916015625,
    0.91357421875,
    0.90576171875,
    0.91162109375,
    0.83203125,
    0.92626953125,
    0.81201171875,
    0.89404296875,
    0.884765625,
    0.91748046875,
    0.875,
    0.892578125,
    0.9189453125,
    0.93896484375,
    0.9228515625,
    0.92431640625,
    0.88720703125,
    0.89111328125,
    0.93505859375,
    0.9072265625,
    0.94189453125,
    0.89697265625,
    0.95166015625,
    0.91796875,
    0.88720703125,
    0.8623046875,
    0.90185546875,
    0.85595703125,
    0.89111328125,
    0.8720703125,
    0.9072265625,
    0.89599609375,
    0.912109375,
    0.9443359375,
    0.91796875,
    0.8486328125,
    0.88525390625,
    0.88427734375,
    0.8662109375,
    0.91943359375,
    0.9189453125,
    0.8974609375,
    0.86669921875,
    0.9130859375,
    0.85107421875,
    0.93212890625,
    0.859375,
    0.93798828125,
    0.91943359375,
    0.8662109375,
    0.8525390625,
    0.9130859375,
    0.8291015625,
    0.9580078125,
    0.90185546875,
    0.92724609375,
    0.8916015625,
    0.89892578125,
    0.90625,
    0.8916015625,
    0.91943359375,
    0.931640625,
    0.88134765625
  ],
  "mean_similarity": 0.8970166015625,
  "std_similarity": 0.03266350441989445
}