{
  "similarities": [
    0.9163635478256394,
    0.832213076199406,
    0.8215743322887838,
    0.8838368117495751,
    0.9266897594037053,
    0.9291206524854635,
    0.9232141014061135,
    0.9648358826255312,
    0.9039926764769844,
    0.7541765083857515,
    0.8985700581827346,
    0.9080089480583934,
    0.8421943255546496,
    0.9490188613823252,
    0.9483849560412062,
    0.9350533205174354,
    0.9169206017435286,
    0.9721566141303092,
    0.8988643614728109,
    0.9041429163525362,
    0.9581086423985206,
    0.9165855273719515,
    0.9704763001673608,
    0.891685576815384,
    0.9081701867633966,
    0.9227286140909452,
    0.9007714203768731,
    0.8692830526508304,
    0.9039870318128839,
    0.8770242976767227,
    0.7669415020513808,
    0.8829245427011299,
    0.9197148246487841,
    0.9561851109550966,
    0.8631090510422204,
    0.851827838940148,
    0.8514264825407292,
    0.8990446768433327,
    0.9471534422369544,
    0.9433353663741071,
    0.9447383561470933,
    0.9060297834852808,
    0.9208819741052454,
    0.9609122232785786,
    0.9472436476987269,
    0.9190518577016692,
    0.9374132910376166,
    0.9439891926681335,
    0.9654145574865971,
    0.9149018265706944,
    0.9449017591258333,
    0.9502685848736573,
    0.8885787041897396,
    0.9106715839252548,
    0.8495123171730086,
    0.9289627255791026,
    0.8267218224335326,
    0.8670117301115244,
    0.9155358440205732,
    0.9281554603269132,
    0.832891378037551,
    0.9636454304139711,
    0.8586722479489874,
    0.9046908859534968,
    0.9110348564194259,
    0.9201634713941199,
    0.9514637029538546,
    0.9141307585613446,
    0.8167920565243695,
    0.8688074879861619,
    0.9079736823567467,
    0.9511054998552527,
    0.8858547708344388,
    0.8413607786123225,
    0.8815484703739663,
    0.8328114881667937,
    0.8641385070659733,
    0.8163394045604595,
    0.9135207615039381,
    0.9327977922775386,
    0.9682186060099299,
    0.8516416726120621,
    0.9429871666225506,
    0.9209614711315721,
    0.9521640246578367,
    0.7554697025667892,
    0.7791885388182145,
    0.9201213963480995,
    0.9132682027128369,
    0.8177988753766445,
    0.9543813163086823,
    0.9271260675055056,
    0.8828791079998348,
    0.890272750202997,
    0.8703570659104953,
    0.8276394872330551,
    0.9073940288847777,
    0.9402158236574242,
    0.8628673348280115,
    0.822859210578256
  ],
  "mean_similarity": 0.8987826832444671,
  "std_similarity": 0.04945883648890073
}